file_name,genre,f_measure,algorithm_tempo,ground_truth_tempo,accuracy_1,accuracy_2
pop.00027.wav,pop,1.0,166.66666666666666,84.1,0,1
pop.00033.wav,pop,0.5365853658536586,200.0,98.95,0,1
pop.00032.wav,pop,1.0,187.5,95.05,0,1
pop.00026.wav,pop,0.9841269841269841,153.84615384615384,76.97,0,1
pop.00030.wav,pop,0.6666666666666666,95.23809523809524,94.92,1,1
pop.00024.wav,pop,0.6933333333333334,117.6470588235294,116.95,1,1
pop.00018.wav,pop,0.6923076923076924,122.44897959183673,121.99,1,1
pop.00019.wav,pop,0.7000000000000001,92.3076923076923,93.03,1,1
pop.00025.wav,pop,1.0,150.0,74.94,0,1
pop.00031.wav,pop,0.6885245901639345,95.23809523809524,94.92,1,1
pop.00009.wav,pop,0.6470588235294118,105.26315789473684,105.39,1,1
pop.00035.wav,pop,0.6567164179104478,107.14285714285714,108.1,1,1
pop.00021.wav,pop,0.7164179104477612,101.69491525423729,101.85,1,1
pop.00020.wav,pop,1.0,214.28571428571428,108.01,0,1
pop.00034.wav,pop,0.6779661016949152,95.23809523809524,95.99,1,1
pop.00008.wav,pop,1.0,166.66666666666666,84.1,0,1
pop.00022.wav,pop,0.6666666666666666,103.44827586206897,104.04,1,1
pop.00036.wav,pop,0.6774193548387097,98.36065573770492,97.82,1,1
pop.00037.wav,pop,0.6666666666666666,103.44827586206897,104.1,1,1
pop.00023.wav,pop,0.65625,103.44827586206897,102.96,1,1
pop.00044.wav,pop,0.6486486486486486,120.0,118.9,1,1
pop.00050.wav,pop,1.0,139.53488372093022,70.11,0,1
pop.00078.wav,pop,0.9772727272727273,206.89655172413794,104.81,0,1
pop.00087.wav,pop,0.6666666666666666,101.69491525423729,101.9,1,1
pop.00093.wav,pop,0.6666666666666666,133.33333333333334,134.0,1,1
pop.00092.wav,pop,0.6666666666666666,109.0909090909091,109.04,1,1
pop.00086.wav,pop,0.6585365853658536,133.33333333333334,132.05,1,1
pop.00079.wav,pop,0.6571428571428571,113.20754716981132,112.8,1,1
pop.00051.wav,pop,0.9787234042553191,222.22222222222223,113.62,0,0
pop.00045.wav,pop,1.0,176.47058823529412,87.94,0,1
pop.00053.wav,pop,0.19999999999999998,157.89473684210526,64.37,0,0
pop.00047.wav,pop,0.6666666666666666,109.0909090909091,110.65,1,1
pop.00090.wav,pop,0.6666666666666666,101.69491525423729,102.04,1,1
pop.00084.wav,pop,1.0,200.0,99.99,0,1
pop.00085.wav,pop,0.64,120.0,120.08,1,1
pop.00091.wav,pop,0.6666666666666666,115.38461538461539,114.9,1,1
pop.00046.wav,pop,1.0,176.47058823529412,87.91,0,1
pop.00052.wav,pop,0.732394366197183,206.89655172413794,103.41,0,1
pop.00056.wav,pop,1.0,176.47058823529412,89.02,0,1
pop.00042.wav,pop,1.0,187.5,93.15,0,1
pop.00095.wav,pop,0.6666666666666666,105.26315789473684,105.04,1,1
pop.00081.wav,pop,1.0,146.34146341463415,73.04,0,1
pop.00080.wav,pop,0.6376811594202898,109.0909090909091,109.84,1,1
pop.00094.wav,pop,1.0,150.0,74.99,0,1
pop.00043.wav,pop,0.39416058394160586,133.33333333333334,265.93,0,1
pop.00057.wav,pop,0.6567164179104478,103.44827586206897,103.32,1,1
pop.00069.wav,pop,0.6666666666666666,105.26315789473684,105.57,1,1
pop.00041.wav,pop,0.9565217391304348,107.14285714285714,53.7,0,1
pop.00055.wav,pop,0.8266666666666667,206.89655172413794,105.88,0,0
pop.00082.wav,pop,0.6582278481012659,127.65957446808511,126.92,1,1
pop.00096.wav,pop,0.6666666666666666,90.9090909090909,90.95,1,1
pop.00097.wav,pop,0.6557377049180327,98.36065573770492,99.13,1,1
pop.00083.wav,pop,0.6666666666666666,125.0,123.99,1,1
pop.00054.wav,pop,1.0,193.5483870967742,97.99,0,1
pop.00040.wav,pop,1.0,130.43478260869566,65.0,0,1
pop.00068.wav,pop,1.0,127.65957446808511,64.13,0,1
pop.00065.wav,pop,1.0,115.38461538461539,59.3,0,0
pop.00071.wav,pop,0.6478873239436619,113.20754716981132,113.34,1,1
pop.00059.wav,pop,1.0,176.47058823529412,89.02,0,1
pop.00058.wav,pop,0.39215686274509803,49.18032786885246,98.34,0,1
pop.00070.wav,pop,0.6666666666666666,125.0,125.01,1,1
pop.00064.wav,pop,0.5121951219512195,130.43478260869566,135.4,1,1
pop.00072.wav,pop,1.0,230.76923076923077,115.24,0,1
pop.00066.wav,pop,1.0,162.16216216216216,81.81,0,1
pop.00099.wav,pop,0.8214285714285715,157.89473684210526,79.03,0,1
pop.00098.wav,pop,1.0,230.76923076923077,114.87,0,1
pop.00067.wav,pop,0.6478873239436619,113.20754716981132,113.33,1,1
pop.00073.wav,pop,0.6749999999999999,127.65957446808511,127.86,1,1
pop.00077.wav,pop,0.6376811594202898,111.11111111111111,110.84,1,1
pop.00063.wav,pop,0.0,122.44897959183673,61.19,0,1
pop.00088.wav,pop,0.6666666666666666,100.0,99.86,1,1
pop.00089.wav,pop,0.6666666666666666,100.0,100.49,1,1
pop.00062.wav,pop,1.0,162.16216216216216,80.64,0,1
pop.00076.wav,pop,0.9130434782608695,109.0909090909091,54.92,0,1
pop.00048.wav,pop,0.6582278481012659,127.65957446808511,127.92,1,1
pop.00060.wav,pop,0.926829268292683,193.5483870967742,97.48,0,1
pop.00074.wav,pop,0.6666666666666666,83.33333333333333,83.66,1,1
pop.00075.wav,pop,1.0,187.5,94.08,0,1
pop.00061.wav,pop,0.7575757575757575,95.23809523809524,95.94,1,1
pop.00049.wav,pop,1.0,117.6470588235294,59.01,0,1
pop.00006.wav,pop,0.9870129870129869,187.5,93.67,0,1
pop.00012.wav,pop,0.963855421686747,200.0,98.62,0,1
pop.00013.wav,pop,1.0,142.85714285714286,71.84,0,1
pop.00007.wav,pop,1.0,127.65957446808511,63.44,0,1
pop.00011.wav,pop,0.17857142857142855,150.0,59.32,0,0
pop.00005.wav,pop,0.9714285714285714,171.42857142857142,85.16,0,1
pop.00039.wav,pop,1.0,166.66666666666666,82.89,0,1
pop.00038.wav,pop,0.9743589743589743,187.5,93.05,0,1
pop.00004.wav,pop,1.0,162.16216216216216,80.3,0,1
pop.00010.wav,pop,0.6567164179104478,107.14285714285714,108.31,1,1
pop.00028.wav,pop,1.0,200.0,101.0,0,1
pop.00014.wav,pop,0.9896907216494846,230.76923076923077,115.84,0,1
pop.00000.wav,pop,1.0,133.33333333333334,66.5,0,1
pop.00001.wav,pop,0.9213483146067416,214.28571428571428,105.99,0,1
pop.00015.wav,pop,0.6666666666666666,103.44827586206897,104.04,1,1
pop.00029.wav,pop,1.0,162.16216216216216,79.98,0,1
pop.00003.wav,pop,0.6551724137931034,92.3076923076923,93.26,1,1
pop.00017.wav,pop,0.41379310344827586,55.04587155963303,110.69,0,1
pop.00016.wav,pop,0.5217391304347826,109.0909090909091,109.94,1,1
pop.00002.wav,pop,0.6666666666666666,125.0,126.2,1,1
metal.00022.wav,metal,0.6744186046511628,136.36363636363637,136.89,1,1
metal.00036.wav,metal,0.6741573033707865,142.85714285714286,141.82,1,1
metal.00037.wav,metal,0.6511627906976745,136.36363636363637,137.96,1,1
metal.00023.wav,metal,0.6373626373626373,146.34146341463415,145.58,1,1
metal.00009.wav,metal,0.6666666666666666,113.20754716981132,113.5,1,1
metal.00035.wav,metal,0.4742268041237113,240.0,122.7,0,0
metal.00021.wav,metal,1.0,214.28571428571428,110.24,0,0
metal.00020.wav,metal,0.5172413793103449,200.0,221.72,0,0
metal.00034.wav,metal,0.3725490196078432,162.16216216216216,157.77,1,1
metal.00008.wav,metal,0.7105263157894737,117.6470588235294,117.36,1,1
metal.00030.wav,metal,0.6585365853658536,133.33333333333334,132.07,1,1
metal.00024.wav,metal,0.6666666666666666,111.11111111111111,111.78,1,1
metal.00018.wav,metal,0.345679012345679,200.0,99.36,0,1
metal.00019.wav,metal,0.27419354838709675,162.16216216216216,219.71,0,0
metal.00025.wav,metal,0.6666666666666666,139.53488372093022,138.53,1,1
metal.00031.wav,metal,0.6666666666666666,139.53488372093022,137.94,1,1
metal.00027.wav,metal,0.44303797468354433,240.0,258.03,0,0
metal.00033.wav,metal,1.0,240.0,123.16,0,0
metal.00032.wav,metal,0.391304347826087,86.95652173913044,175.43,0,1
metal.00026.wav,metal,0.42666666666666664,230.76923076923077,251.32,0,0
metal.00082.wav,metal,0.6753246753246753,122.44897959183673,122.56,1,1
metal.00096.wav,metal,0.7605633802816901,166.66666666666666,97.41,0,0
metal.00069.wav,metal,0.6666666666666666,162.16216216216216,162.59,1,1
metal.00041.wav,metal,0.6756756756756758,117.6470588235294,117.54,1,1
metal.00055.wav,metal,0.18867924528301885,166.66666666666666,169.44,1,1
metal.00054.wav,metal,0.37878787878787884,125.0,248.98,0,1
metal.00040.wav,metal,0.8260869565217391,214.28571428571428,109.3,0,1
metal.00068.wav,metal,0.6730769230769231,162.16216216216216,164.35,1,1
metal.00097.wav,metal,0.9705882352941176,162.16216216216216,81.21,0,1
metal.00083.wav,metal,0.7272727272727273,117.6470588235294,117.98,1,1
metal.00095.wav,metal,0.125,153.84615384615384,78.13,0,1
metal.00081.wav,metal,0.6236559139784946,146.34146341463415,146.25,1,1
metal.00056.wav,metal,0.40310077519379844,181.8181818181818,216.54,0,0
metal.00042.wav,metal,0.6666666666666666,130.43478260869566,130.21,1,1
metal.00043.wav,metal,0.6666666666666666,93.75,96.23,1,1
metal.00057.wav,metal,0.6749999999999999,127.65957446808511,128.33,1,1
metal.00080.wav,metal,0.8095238095238095,162.16216216216216,128.87,0,0
metal.00094.wav,metal,0.31067961165048547,162.16216216216216,160.12,1,1
metal.00090.wav,metal,0.4727272727272727,181.8181818181818,179.59,1,1
metal.00084.wav,metal,0.6666666666666666,150.0,148.89,1,1
metal.00053.wav,metal,0.5290322580645161,240.0,249.89,1,1
metal.00047.wav,metal,0.5190839694656488,206.89655172413794,208.41,1,1
metal.00046.wav,metal,0.3382352941176471,200.0,232.15,0,0
metal.00052.wav,metal,0.6666666666666666,157.89473684210526,158.73,1,1
metal.00085.wav,metal,0.676923076923077,101.69491525423729,102.44,1,1
metal.00091.wav,metal,0.23255813953488372,136.36363636363637,136.75,1,1
metal.00087.wav,metal,0.6666666666666666,187.5,190.32,1,1
metal.00093.wav,metal,0.5925925925925926,171.42857142857142,171.14,1,1
metal.00044.wav,metal,0.6575342465753424,117.6470588235294,117.56,1,1
metal.00050.wav,metal,0.39999999999999997,230.76923076923077,227.28,1,1
metal.00078.wav,metal,0.6612903225806451,200.0,199.58,1,1
metal.00079.wav,metal,0.28205128205128205,125.0,123.86,1,1
metal.00051.wav,metal,0.6715328467153284,214.28571428571428,219.12,1,1
metal.00045.wav,metal,0.9803921568627451,120.0,60.84,0,1
metal.00092.wav,metal,0.5783132530120482,115.38461538461539,139.12,0,0
metal.00086.wav,metal,1.0,240.0,122.69,0,0
metal.00048.wav,metal,0.46268656716417905,214.28571428571428,220.2,1,1
metal.00060.wav,metal,1.0,181.8181818181818,89.91,0,1
metal.00074.wav,metal,0.8791208791208792,240.0,124.04,0,0
metal.00075.wav,metal,0.967032967032967,222.22222222222223,113.22,0,1
metal.00061.wav,metal,0.5109489051094891,214.28571428571428,219.0,1,1
metal.00049.wav,metal,0.3252032520325203,193.5483870967742,197.76,1,1
metal.00088.wav,metal,0.6575342465753424,117.6470588235294,116.56,1,1
metal.00077.wav,metal,0.6666666666666666,150.0,149.95,1,1
metal.00063.wav,metal,0.6666666666666666,130.43478260869566,130.37,1,1
metal.00062.wav,metal,0.6756756756756758,117.6470588235294,117.44,1,1
metal.00076.wav,metal,0.6666666666666666,139.53488372093022,140.37,1,1
metal.00089.wav,metal,0.6666666666666666,76.92307692307692,76.61,1,1
metal.00099.wav,metal,0.9333333333333333,146.34146341463415,72.81,0,1
metal.00072.wav,metal,1.0,240.0,120.06,0,1
metal.00066.wav,metal,1.0,120.0,60.41,0,1
metal.00067.wav,metal,0.6666666666666666,133.33333333333334,132.8,1,1
metal.00073.wav,metal,1.0,146.34146341463415,72.62,0,1
metal.00098.wav,metal,1.0,153.84615384615384,77.42,0,1
metal.00065.wav,metal,0.6575342465753424,117.6470588235294,117.6,1,1
metal.00071.wav,metal,1.0,171.42857142857142,85.04,0,1
metal.00059.wav,metal,0.9382716049382716,193.5483870967742,97.82,0,1
metal.00058.wav,metal,0.6666666666666666,146.34146341463415,145.6,1,1
metal.00070.wav,metal,0.6666666666666666,115.38461538461539,116.1,1,1
metal.00064.wav,metal,0.6779661016949152,93.75,94.17,1,1
metal.00003.wav,metal,0.5737704918032787,193.5483870967742,196.22,1,1
metal.00017.wav,metal,0.15037593984962405,214.28571428571428,214.47,1,1
metal.00016.wav,metal,0.6153846153846154,181.8181818181818,92.08,0,1
metal.00002.wav,metal,0.676056338028169,111.11111111111111,111.41,1,1
metal.00028.wav,metal,0.27450980392156865,206.89655172413794,139.97,0,0
metal.00014.wav,metal,0.634920634920635,153.84615384615384,76.39,0,1
metal.00000.wav,metal,1.0,187.5,93.96,0,1
metal.00001.wav,metal,0.14285714285714288,157.89473684210526,155.91,1,1
metal.00015.wav,metal,0.18390804597701152,181.8181818181818,120.18,0,0
metal.00029.wav,metal,1.0,240.0,121.58,0,1
metal.00011.wav,metal,0.23762376237623764,162.16216216216216,159.96,1,1
metal.00005.wav,metal,0.6597938144329897,153.84615384615384,154.15,1,1
metal.00039.wav,metal,1.0,120.0,60.06,0,1
metal.00038.wav,metal,0.7560975609756099,193.5483870967742,100.36,0,0
metal.00004.wav,metal,0.11494252873563217,142.85714285714286,139.15,1,1
metal.00010.wav,metal,0.2419354838709678,193.5483870967742,209.04,0,0
metal.00006.wav,metal,0.605263157894737,120.0,119.21,1,1
metal.00012.wav,metal,0.6666666666666666,166.66666666666666,167.56,1,1
metal.00013.wav,metal,0.5348837209302325,139.53488372093022,139.15,1,1
metal.00007.wav,metal,0.3368421052631579,153.84615384615384,152.34,1,1
disco.00052.wav,disco,0.6666666666666666,125.0,125.92,1,1
disco.00046.wav,disco,0.6666666666666666,120.0,120.47,1,1
disco.00091.wav,disco,0.6666666666666666,100.0,100.12,1,1
disco.00085.wav,disco,0.6666666666666666,122.44897959183673,123.63,1,1
disco.00084.wav,disco,0.676056338028169,115.38461538461539,114.69,1,1
disco.00090.wav,disco,0.6582278481012659,127.65957446808511,128.24,1,1
disco.00047.wav,disco,0.11940298507462685,240.0,50.42,0,0
disco.00053.wav,disco,0.6511627906976745,139.53488372093022,139.23,1,1
disco.00045.wav,disco,0.6753246753246753,122.44897959183673,122.93,1,1
disco.00051.wav,disco,0.6567164179104478,109.0909090909091,109.48,1,1
disco.00079.wav,disco,1.0,240.0,121.03,0,1
disco.00086.wav,disco,0.7835051546391751,250.0,125.25,0,1
disco.00092.wav,disco,0.7368421052631579,115.38461538461539,115.13,1,1
disco.00093.wav,disco,0.9782608695652174,222.22222222222223,110.29,0,1
disco.00087.wav,disco,0.853932584269663,214.28571428571428,105.94,0,1
disco.00078.wav,disco,0.625,127.65957446808511,127.99,1,1
disco.00050.wav,disco,0.676470588235294,109.0909090909091,109.48,1,1
disco.00044.wav,disco,0.6578947368421052,122.44897959183673,123.15,1,1
disco.00068.wav,disco,0.7555555555555555,214.28571428571428,106.97,0,1
disco.00040.wav,disco,0.6588235294117647,139.53488372093022,138.03,1,1
disco.00054.wav,disco,0.7021276595744681,230.76923076923077,113.88,0,1
disco.00083.wav,disco,1.0,230.76923076923077,116.94,0,1
disco.00097.wav,disco,0.6746987951807228,130.43478260869566,130.35,1,1
disco.00096.wav,disco,0.9302325581395349,206.89655172413794,102.33,0,1
disco.00082.wav,disco,0.6578947368421052,122.44897959183673,123.12,1,1
disco.00055.wav,disco,0.6666666666666666,130.43478260869566,129.94,1,1
disco.00041.wav,disco,0.4,157.89473684210526,53.17,0,1
disco.00069.wav,disco,0.6666666666666666,107.14285714285714,107.58,1,1
disco.00057.wav,disco,1.0,240.0,118.18,0,1
disco.00043.wav,disco,0.6582278481012659,127.65957446808511,127.71,1,1
disco.00094.wav,disco,0.6666666666666666,139.53488372093022,138.44,1,1
disco.00080.wav,disco,1.0,193.5483870967742,98.09,0,1
disco.00081.wav,disco,0.5853658536585367,130.43478260869566,129.71,1,1
disco.00095.wav,disco,0.6666666666666666,120.0,121.05,1,1
disco.00042.wav,disco,0.6896551724137931,214.28571428571428,105.2,0,1
disco.00056.wav,disco,1.0,176.47058823529412,88.26,0,1
disco.00031.wav,disco,0.6578947368421052,125.0,123.78,1,1
disco.00025.wav,disco,0.6666666666666666,125.0,124.09,1,1
disco.00019.wav,disco,0.6575342465753424,117.6470588235294,117.41,1,1
disco.00018.wav,disco,0.6666666666666666,125.0,124.1,1,1
disco.00024.wav,disco,0.6749999999999999,127.65957446808511,127.86,1,1
disco.00030.wav,disco,0.6744186046511628,136.36363636363637,136.3,1,1
disco.00026.wav,disco,0.64,120.0,119.51,1,1
disco.00032.wav,disco,0.6571428571428571,111.11111111111111,111.6,1,1
disco.00033.wav,disco,0.15,127.65957446808511,127.24,1,1
disco.00027.wav,disco,1.0,222.22222222222223,111.25,0,1
disco.00023.wav,disco,0.6666666666666666,115.38461538461539,114.58,1,1
disco.00037.wav,disco,0.6585365853658536,130.43478260869566,130.51,1,1
disco.00036.wav,disco,0.6588235294117647,136.36363636363637,135.82,1,1
disco.00022.wav,disco,0.6666666666666666,120.0,120.16,1,1
disco.00008.wav,disco,0.6753246753246753,122.44897959183673,121.49,1,1
disco.00034.wav,disco,0.6585365853658536,130.43478260869566,130.68,1,1
disco.00020.wav,disco,0.9850746268656716,162.16216216216216,80.54,0,1
disco.00021.wav,disco,0.676470588235294,109.0909090909091,109.69,1,1
disco.00035.wav,disco,0.6493506493506493,122.44897959183673,121.74,1,1
disco.00009.wav,disco,0.6666666666666666,130.43478260869566,129.1,1,1
disco.00010.wav,disco,1.0,214.28571428571428,106.98,0,1
disco.00004.wav,disco,0.8409090909090908,120.0,120.94,1,1
disco.00038.wav,disco,0.6753246753246753,122.44897959183673,123.23,1,1
disco.00039.wav,disco,0.6571428571428571,111.11111111111111,111.05,1,1
disco.00005.wav,disco,0.6567164179104478,107.14285714285714,108.37,1,1
disco.00011.wav,disco,1.0,187.5,94.03,0,1
disco.00007.wav,disco,0.6666666666666666,130.43478260869566,129.31,1,1
disco.00013.wav,disco,0.8767123287671232,176.47058823529412,89.46,0,1
disco.00012.wav,disco,0.7123287671232876,113.20754716981132,112.27,1,1
disco.00006.wav,disco,1.0,240.0,123.83,0,0
disco.00002.wav,disco,0.6153846153846154,230.76923076923077,227.45,1,1
disco.00016.wav,disco,0.6666666666666666,122.44897959183673,122.71,1,1
disco.00017.wav,disco,0.6578947368421052,122.44897959183673,123.62,1,1
disco.00003.wav,disco,0.6749999999999999,127.65957446808511,126.42,1,1
disco.00029.wav,disco,0.6666666666666666,105.26315789473684,104.94,1,1
disco.00015.wav,disco,0.6233766233766235,122.44897959183673,121.09,1,1
disco.00001.wav,disco,0.4,117.6470588235294,233.84,0,1
disco.00000.wav,disco,0.7027027027027027,115.38461538461539,115.05,1,1
disco.00014.wav,disco,0.7352941176470588,103.44827586206897,103.4,1,1
disco.00028.wav,disco,0.6753246753246753,122.44897959183673,121.85,1,1
disco.00073.wav,disco,0.6666666666666666,113.20754716981132,113.92,1,1
disco.00067.wav,disco,0.6666666666666666,100.0,100.44,1,1
disco.00098.wav,disco,1.0,240.0,122.37,0,1
disco.00099.wav,disco,1.0,240.0,122.37,0,1
disco.00066.wav,disco,0.6666666666666666,133.33333333333334,133.35,1,1
disco.00072.wav,disco,0.6744186046511628,136.36363636363637,136.8,1,1
disco.00064.wav,disco,0.6753246753246753,122.44897959183673,122.64,1,1
disco.00070.wav,disco,0.6666666666666666,109.0909090909091,109.48,1,1
disco.00058.wav,disco,0.6746987951807228,133.33333333333334,131.54,1,1
disco.00059.wav,disco,0.6666666666666666,125.0,125.14,1,1
disco.00071.wav,disco,0.8723404255319149,230.76923076923077,113.93,0,1
disco.00065.wav,disco,0.6585365853658536,130.43478260869566,131.83,1,1
disco.00049.wav,disco,0.6666666666666666,120.0,119.34,1,1
disco.00061.wav,disco,0.6749999999999999,125.0,125.78,1,1
disco.00075.wav,disco,0.6666666666666666,133.33333333333334,132.63,1,1
disco.00074.wav,disco,1.0,222.22222222222223,112.08,0,1
disco.00060.wav,disco,0.6666666666666666,130.43478260869566,129.64,1,1
disco.00048.wav,disco,0.7462686567164178,101.69491525423729,101.36,1,1
disco.00076.wav,disco,0.6749999999999999,127.65957446808511,127.38,1,1
disco.00062.wav,disco,0.989010989010989,222.22222222222223,109.17,0,1
disco.00089.wav,disco,0.6666666666666666,130.43478260869566,129.84,1,1
disco.00088.wav,disco,0.7469879518072289,240.0,124.18,0,0
disco.00063.wav,disco,0.0,130.43478260869566,130.45,1,1
disco.00077.wav,disco,0.9896907216494846,230.76923076923077,117.39,0,1
blues.00093.wav,blues,0.391304347826087,44.11764705882353,87.89,0,1
blues.00087.wav,blues,0.6363636363636364,176.47058823529412,175.51,1,1
blues.00050.wav,blues,0.6588235294117647,136.36363636363637,136.26,1,1
blues.00044.wav,blues,0.6507936507936508,200.0,202.94,1,1
blues.00078.wav,blues,0.03973509933774834,240.0,241.0,1,1
blues.00079.wav,blues,0.1818181818181818,157.89473684210526,158.65,1,1
blues.00045.wav,blues,0.5034013605442177,176.47058823529412,263.53,0,0
blues.00051.wav,blues,0.5737704918032787,200.0,195.64,1,1
blues.00086.wav,blues,0.6666666666666666,122.44897959183673,122.48,1,1
blues.00092.wav,blues,0.3614457831325301,162.16216216216216,120.67,0,0
blues.00084.wav,blues,0.032786885245901634,55.55555555555556,111.6,0,1
blues.00090.wav,blues,0.6590909090909091,142.85714285714286,141.23,1,1
blues.00047.wav,blues,0.6170212765957446,150.0,151.09,1,1
blues.00053.wav,blues,1.0,200.0,100.93,0,1
blues.00052.wav,blues,1.0,100.0,50.52,0,1
blues.00046.wav,blues,0.6578947368421052,122.44897959183673,121.77,1,1
blues.00091.wav,blues,0.6153846153846155,125.0,124.91,1,1
blues.00085.wav,blues,0.6666666666666666,142.85714285714286,143.37,1,1
blues.00081.wav,blues,0.2635658914728682,206.89655172413794,205.07,1,1
blues.00095.wav,blues,0.34090909090909094,139.53488372093022,137.06,1,1
blues.00042.wav,blues,0.2903225806451613,176.47058823529412,59.68,0,0
blues.00056.wav,blues,0.35714285714285715,162.16216216216216,53.4,0,1
blues.00057.wav,blues,0.6153846153846155,187.5,185.43,1,1
blues.00043.wav,blues,0.6749999999999999,130.43478260869566,129.44,1,1
blues.00094.wav,blues,0.6666666666666667,101.69491525423729,102.43,1,1
blues.00080.wav,blues,0.8048780487804877,117.6470588235294,117.07,1,1
blues.00096.wav,blues,0.3703703703703704,117.6470588235294,58.55,0,1
blues.00082.wav,blues,0.6597938144329897,240.0,125.98,0,0
blues.00069.wav,blues,1.0,157.89473684210526,79.14,0,1
blues.00055.wav,blues,0.6024096385542169,133.33333333333334,132.9,1,1
blues.00041.wav,blues,0.6749999999999999,127.65957446808511,127.48,1,1
blues.00040.wav,blues,0.660377358490566,171.42857142857142,172.25,1,1
blues.00054.wav,blues,0.6666666666666666,181.8181818181818,181.55,1,1
blues.00068.wav,blues,0.6666666666666666,162.16216216216216,162.3,1,1
blues.00083.wav,blues,0.6585365853658536,133.33333333333334,133.05,1,1
blues.00097.wav,blues,0.27419354838709675,117.6470588235294,237.68,0,1
blues.00033.wav,blues,0.5102040816326531,153.84615384615384,154.56,1,1
blues.00027.wav,blues,0.6582278481012659,187.5,93.33,0,1
blues.00026.wav,blues,0.6567164179104478,162.16216216216216,81.31,0,1
blues.00032.wav,blues,0.24,146.34146341463415,126.12,0,0
blues.00024.wav,blues,0.6823529411764705,206.89655172413794,103.59,0,1
blues.00030.wav,blues,0.30588235294117644,193.5483870967742,110.11,0,0
blues.00018.wav,blues,0.7941176470588235,166.66666666666666,82.43,0,1
blues.00019.wav,blues,0.0,240.0,123.93,0,0
blues.00031.wav,blues,0.2857142857142857,240.0,116.48,0,0
blues.00025.wav,blues,0.7848101265822786,181.8181818181818,95.33,0,0
blues.00009.wav,blues,0.8059701492537314,162.16216216216216,81.86,0,1
blues.00021.wav,blues,0.9761904761904762,200.0,100.97,0,1
blues.00035.wav,blues,0.34951456310679613,240.0,129.6,0,0
blues.00034.wav,blues,1.0,187.5,93.81,0,1
blues.00020.wav,blues,0.3181818181818182,162.16216216216216,137.61,0,0
blues.00008.wav,blues,0.660377358490566,166.66666666666666,169.41,1,1
blues.00036.wav,blues,0.3913043478260869,230.76923076923077,113.22,0,1
blues.00022.wav,blues,0.7804878048780488,200.0,98.17,0,1
blues.00023.wav,blues,0.6829268292682927,193.5483870967742,96.8,0,1
blues.00037.wav,blues,0.9523809523809523,150.0,75.55,0,1
blues.00012.wav,blues,0.7948717948717948,187.5,93.68,0,1
blues.00006.wav,blues,0.8064516129032258,146.34146341463415,73.25,0,1
blues.00007.wav,blues,0.8974358974358975,181.8181818181818,93.32,0,0
blues.00013.wav,blues,0.6222222222222222,214.28571428571428,107.12,0,1
blues.00005.wav,blues,0.9310344827586207,136.36363636363637,68.77,0,1
blues.00011.wav,blues,1.0,111.11111111111111,55.6,0,1
blues.00039.wav,blues,0.7083333333333334,230.76923076923077,116.62,0,1
blues.00038.wav,blues,0.4857142857142857,171.42857142857142,85.52,0,1
blues.00010.wav,blues,1.0,162.16216216216216,80.14,0,1
blues.00004.wav,blues,0.6428571428571429,133.33333333333334,133.24,1,1
blues.00028.wav,blues,0.65625,103.44827586206897,103.84,1,1
blues.00000.wav,blues,0.6582278481012659,125.0,125.87,1,1
blues.00014.wav,blues,0.8571428571428571,166.66666666666666,84.07,0,1
blues.00015.wav,blues,0.8780487804878049,193.5483870967742,98.31,0,1
blues.00001.wav,blues,1.0,136.36363636363637,67.77,0,1
blues.00029.wav,blues,0.30379746835443033,127.65957446808511,126.46,1,1
blues.00017.wav,blues,0.5849056603773585,166.66666666666666,169.32,1,1
blues.00003.wav,blues,1.0,125.0,62.35,0,1
blues.00002.wav,blues,0.673469387755102,157.89473684210526,157.57,1,1
blues.00016.wav,blues,0.6129032258064516,100.0,100.85,1,1
blues.00071.wav,blues,0.6666666666666666,146.34146341463415,147.23,1,1
blues.00065.wav,blues,1.0,214.28571428571428,108.03,0,1
blues.00059.wav,blues,0.676470588235294,107.14285714285714,108.0,1,1
blues.00058.wav,blues,0.7727272727272727,214.28571428571428,105.74,0,1
blues.00064.wav,blues,0.673469387755102,153.84615384615384,155.31,1,1
blues.00070.wav,blues,0.6666666666666666,146.34146341463415,147.38,1,1
blues.00099.wav,blues,0.9487179487179487,187.5,93.25,0,1
blues.00066.wav,blues,0.6666666666666666,162.16216216216216,164.02,1,1
blues.00072.wav,blues,1.0,136.36363636363637,68.63,0,1
blues.00073.wav,blues,0.926829268292683,193.5483870967742,97.14,0,1
blues.00067.wav,blues,0.6666666666666666,162.16216216216216,161.71,1,1
blues.00098.wav,blues,0.6666666666666666,125.0,125.52,1,1
blues.00088.wav,blues,0.11320754716981132,166.66666666666666,171.16,1,1
blues.00063.wav,blues,0.6666666666666666,90.9090909090909,91.03,1,1
blues.00077.wav,blues,0.6222222222222222,146.34146341463415,148.65,1,1
blues.00076.wav,blues,1.0,230.76923076923077,116.16,0,1
blues.00062.wav,blues,0.6571428571428571,113.20754716981132,112.87,1,1
blues.00089.wav,blues,0.8666666666666667,214.28571428571428,107.15,0,1
blues.00048.wav,blues,1.0,240.0,121.23,0,1
blues.00074.wav,blues,0.8602150537634409,222.22222222222223,111.17,0,1
blues.00060.wav,blues,0.6451612903225807,150.0,149.52,1,1
blues.00061.wav,blues,0.6746987951807228,130.43478260869566,131.63,1,1
blues.00075.wav,blues,0.6575342465753424,117.6470588235294,117.8,1,1
blues.00049.wav,blues,0.8461538461538461,125.0,61.99,0,1
reggae.00080.wav,reggae,1.0,200.0,100.29,0,1
reggae.00094.wav,reggae,0.6666666666666666,127.65957446808511,126.99,1,1
reggae.00043.wav,reggae,0.673469387755102,153.84615384615384,155.62,1,1
reggae.00057.wav,reggae,0.6666666666666666,193.5483870967742,192.77,1,1
reggae.00056.wav,reggae,0.673469387755102,157.89473684210526,156.1,1,1
reggae.00042.wav,reggae,0.6666666666666666,120.0,120.36,1,1
reggae.00095.wav,reggae,0.6493506493506493,122.44897959183673,123.67,1,1
reggae.00081.wav,reggae,0.65625,100.0,100.33,1,1
reggae.00097.wav,reggae,0.25925925925925924,157.89473684210526,52.34,0,1
reggae.00083.wav,reggae,0.8928571428571429,133.33333333333334,66.04,0,1
reggae.00054.wav,reggae,0.6521739130434782,146.34146341463415,148.11,1,1
reggae.00040.wav,reggae,0.5384615384615384,187.5,92.7,0,1
reggae.00068.wav,reggae,0.6744186046511628,136.36363636363637,137.24,1,1
reggae.00069.wav,reggae,0.673913043478261,146.34146341463415,146.19,1,1
reggae.00041.wav,reggae,0.673913043478261,146.34146341463415,146.63,1,1
reggae.00055.wav,reggae,0.5925925925925926,130.43478260869566,129.23,1,1
reggae.00082.wav,reggae,0.65625,100.0,100.31,1,1
reggae.00096.wav,reggae,0.6666666666666666,176.47058823529412,178.23,1,1
reggae.00092.wav,reggae,0.673913043478261,146.34146341463415,144.62,1,1
reggae.00086.wav,reggae,0.19148936170212766,63.829787234042556,174.02,0,1
reggae.00079.wav,reggae,0.6666666666666666,150.0,151.71,1,1
reggae.00051.wav,reggae,0.6749999999999999,127.65957446808511,127.92,1,1
reggae.00045.wav,reggae,0.6666666666666666,162.16216216216216,162.42,1,1
reggae.00044.wav,reggae,0.6545454545454545,176.47058823529412,175.23,1,1
reggae.00050.wav,reggae,0.6666666666666666,187.5,188.6,1,1
reggae.00078.wav,reggae,0.6666666666666666,157.89473684210526,160.15,1,1
reggae.00087.wav,reggae,1.0,166.66666666666666,83.21,0,1
reggae.00093.wav,reggae,0.6017699115044247,181.8181818181818,181.11,1,1
reggae.00085.wav,reggae,0.6363636363636364,176.47058823529412,174.02,1,1
reggae.00091.wav,reggae,0.6666666666666666,146.34146341463415,144.94,1,1
reggae.00046.wav,reggae,0.40449438202247184,84.50704225352112,169.45,0,1
reggae.00052.wav,reggae,0.9761904761904762,200.0,99.79,0,1
reggae.00053.wav,reggae,0.6666666666666666,153.84615384615384,152.88,1,1
reggae.00047.wav,reggae,0.6593406593406593,146.34146341463415,146.91,1,1
reggae.00090.wav,reggae,0.6666666666666666,153.84615384615384,153.67,1,1
reggae.00084.wav,reggae,0.6666666666666666,101.69491525423729,100.81,1,1
reggae.00020.wav,reggae,0.6582278481012659,127.65957446808511,127.5,1,1
reggae.00034.wav,reggae,0.6722689075630253,187.5,188.23,1,1
reggae.00008.wav,reggae,0.6229508196721312,193.5483870967742,193.32,1,1
reggae.00009.wav,reggae,0.6666666666666666,157.89473684210526,157.92,1,1
reggae.00035.wav,reggae,0.6666666666666666,162.16216216216216,163.85,1,1
reggae.00021.wav,reggae,0.6597938144329897,153.84615384615384,154.75,1,1
reggae.00037.wav,reggae,0.6666666666666666,153.84615384615384,152.62,1,1
reggae.00023.wav,reggae,0.6666666666666666,130.43478260869566,129.48,1,1
reggae.00022.wav,reggae,0.673913043478261,146.34146341463415,147.98,1,1
reggae.00036.wav,reggae,0.6605504587155963,171.42857142857142,174.31,1,1
reggae.00032.wav,reggae,0.6595744680851063,150.0,150.91,1,1
reggae.00026.wav,reggae,0.6744186046511628,136.36363636363637,138.05,1,1
reggae.00027.wav,reggae,0.6588235294117647,133.33333333333334,135.64,1,1
reggae.00033.wav,reggae,0.6909090909090909,88.23529411764706,87.73,1,1
reggae.00019.wav,reggae,0.6666666666666666,146.34146341463415,146.32,1,1
reggae.00025.wav,reggae,0.98989898989899,240.0,121.0,0,1
reggae.00031.wav,reggae,0.6666666666666666,157.89473684210526,158.87,1,1
reggae.00030.wav,reggae,0.6736842105263158,150.0,151.84,1,1
reggae.00024.wav,reggae,0.6588235294117647,139.53488372093022,138.97,1,1
reggae.00018.wav,reggae,0.6666666666666666,153.84615384615384,156.1,1,1
reggae.00001.wav,reggae,1.0,153.84615384615384,77.76,0,1
reggae.00015.wav,reggae,0.6749999999999999,127.65957446808511,126.18,1,1
reggae.00029.wav,reggae,0.6666666666666666,150.0,150.04,1,1
reggae.00028.wav,reggae,0.6597938144329897,157.89473684210526,156.65,1,1
reggae.00014.wav,reggae,0.6419753086419752,130.43478260869566,130.85,1,1
reggae.00000.wav,reggae,1.0,240.0,122.25,0,1
reggae.00016.wav,reggae,0.6590909090909091,142.85714285714286,142.36,1,1
reggae.00002.wav,reggae,0.3888888888888889,103.44827586206897,206.72,0,1
reggae.00003.wav,reggae,0.6521739130434782,146.34146341463415,148.28,1,1
reggae.00017.wav,reggae,0.6582278481012659,127.65957446808511,126.7,1,1
reggae.00013.wav,reggae,0.6578947368421052,122.44897959183673,123.4,1,1
reggae.00007.wav,reggae,0.6595744680851063,153.84615384615384,152.08,1,1
reggae.00006.wav,reggae,0.6666666666666666,150.0,150.51,1,1
reggae.00012.wav,reggae,0.40875912408759124,130.43478260869566,262.61,0,1
reggae.00038.wav,reggae,0.6666666666666666,95.23809523809524,95.0,1,1
reggae.00004.wav,reggae,0.7954545454545455,125.0,125.53,1,1
reggae.00010.wav,reggae,0.5208333333333334,230.76923076923077,114.26,0,1
reggae.00011.wav,reggae,0.6749999999999999,125.0,126.0,1,1
reggae.00005.wav,reggae,0.673469387755102,157.89473684210526,156.06,1,1
reggae.00039.wav,reggae,0.6666666666666666,153.84615384615384,153.58,1,1
reggae.00089.wav,reggae,0.6666666666666666,150.0,149.67,1,1
reggae.00062.wav,reggae,0.6595744680851063,150.0,151.26,1,1
reggae.00076.wav,reggae,1.0,157.89473684210526,78.64,0,1
reggae.00077.wav,reggae,0.6593406593406593,150.0,148.08,1,1
reggae.00063.wav,reggae,0.6725663716814159,181.8181818181818,183.39,1,1
reggae.00088.wav,reggae,0.6567164179104478,109.0909090909091,108.16,1,1
reggae.00075.wav,reggae,0.6666666666666666,146.34146341463415,144.98,1,1
reggae.00061.wav,reggae,0.9736842105263158,187.5,92.01,0,1
reggae.00049.wav,reggae,0.4081632653061224,96.7741935483871,194.47,0,1
reggae.00048.wav,reggae,0.6605504587155963,176.47058823529412,174.69,1,1
reggae.00060.wav,reggae,0.2736842105263158,230.76923076923077,113.87,0,1
reggae.00074.wav,reggae,0.6792452830188679,83.33333333333333,83.93,1,1
reggae.00058.wav,reggae,0.6578947368421052,122.44897959183673,123.1,1,1
reggae.00070.wav,reggae,0.5045045045045046,176.47058823529412,176.14,1,1
reggae.00064.wav,reggae,0.4893617021276596,85.71428571428571,171.4,0,1
reggae.00065.wav,reggae,0.41304347826086957,88.23529411764706,177.06,0,1
reggae.00071.wav,reggae,0.6666666666666666,139.53488372093022,140.66,1,1
reggae.00059.wav,reggae,0.6666666666666666,153.84615384615384,154.49,1,1
reggae.00098.wav,reggae,0.4,120.0,241.99,0,1
reggae.00067.wav,reggae,0.6346153846153846,166.66666666666666,167.26,1,1
reggae.00073.wav,reggae,0.6792452830188679,83.33333333333333,83.86,1,1
reggae.00072.wav,reggae,1.0,166.66666666666666,83.88,0,1
reggae.00066.wav,reggae,1.0,157.89473684210526,79.48,0,1
reggae.00099.wav,reggae,0.39024390243902435,117.6470588235294,236.89,0,1
classical.00079.wav,classical,0.4096385542168674,200.0,99.71,0,1
classical.00045.wav,classical,0.8607594936708861,187.5,95.33,0,1
classical.00051.wav,classical,0.4533333333333333,136.36363636363637,119.55,0,0
classical.00086.wav,classical,0.6666666666666666,100.0,100.45,1,1
classical.00092.wav,classical,0.5227272727272728,139.53488372093022,139.4,1,1
classical.00093.wav,classical,0.6666666666666666,139.53488372093022,138.69,1,1
classical.00087.wav,classical,0.35294117647058826,125.0,60.75,0,0
classical.00050.wav,classical,0.33333333333333337,240.0,63.71,0,0
classical.00044.wav,classical,0.271604938271605,230.76923076923077,81.81,0,0
classical.00078.wav,classical,0.6341463414634146,66.66666666666667,65.46,1,1
classical.00052.wav,classical,0.6597938144329897,157.89473684210526,157.4,1,1
classical.00046.wav,classical,0.21428571428571427,130.43478260869566,128.71,1,1
classical.00091.wav,classical,0.6493506493506493,181.8181818181818,88.42,0,0
classical.00085.wav,classical,0.9111111111111111,214.28571428571428,108.08,0,1
classical.00084.wav,classical,0.6067415730337078,214.28571428571428,107.98,0,1
classical.00090.wav,classical,0.24561403508771928,171.42857142857142,51.66,0,0
classical.00047.wav,classical,0.07999999999999999,153.84615384615384,49.81,0,0
classical.00053.wav,classical,0.3931623931623931,142.85714285714286,214.23,0,0
classical.00057.wav,classical,0.0,206.89655172413794,105.64,0,0
classical.00043.wav,classical,0.5,120.0,124.92,1,1
classical.00094.wav,classical,0.2898550724637681,171.42857142857142,85.01,0,1
classical.00080.wav,classical,0.2105263157894737,66.66666666666667,52.62,0,0
classical.00081.wav,classical,0.6444444444444445,146.34146341463415,145.08,1,1
classical.00095.wav,classical,0.3098591549295775,181.8181818181818,83.01,0,0
classical.00042.wav,classical,0.6666666666666667,193.5483870967742,97.36,0,1
classical.00056.wav,classical,0.34146341463414637,187.5,112.91,0,0
classical.00040.wav,classical,0.23880597014925373,105.26315789473684,94.72,0,0
classical.00054.wav,classical,0.5964912280701754,93.75,87.37,0,0
classical.00068.wav,classical,0.6060606060606061,166.66666666666666,165.8,1,1
classical.00083.wav,classical,0.43478260869565216,162.16216216216216,81.02,0,1
classical.00097.wav,classical,0.0,206.89655172413794,104.15,0,1
classical.00096.wav,classical,0.5952380952380952,133.33333333333334,133.12,1,1
classical.00082.wav,classical,0.45652173913043476,222.22222222222223,111.85,0,1
classical.00069.wav,classical,0.42857142857142855,139.53488372093022,68.53,0,1
classical.00055.wav,classical,0.3684210526315789,117.6470588235294,55.43,0,0
classical.00041.wav,classical,0.03225806451612904,187.5,54.87,0,0
classical.00026.wav,classical,0.3368421052631579,153.84615384615384,152.3,1,1
classical.00032.wav,classical,0.15151515151515152,222.22222222222223,58.41,0,0
classical.00033.wav,classical,0.20689655172413796,206.89655172413794,106.31,0,0
classical.00027.wav,classical,0.0,146.34146341463415,72.31,0,1
classical.00019.wav,classical,0.271604938271605,193.5483870967742,94.84,0,0
classical.00031.wav,classical,0.27956989247311825,230.76923076923077,112.62,0,0
classical.00025.wav,classical,0.5853658536585366,133.33333333333334,131.99,1,1
classical.00024.wav,classical,0.6526315789473685,153.84615384615384,151.56,1,1
classical.00030.wav,classical,0.3636363636363636,240.0,119.58,0,1
classical.00018.wav,classical,0.27999999999999997,78.94736842105263,79.2,1,1
classical.00034.wav,classical,0.16,240.0,63.25,0,0
classical.00020.wav,classical,0.49438202247191015,139.53488372093022,140.44,1,1
classical.00008.wav,classical,0.5882352941176471,136.36363636363637,135.72,1,1
classical.00009.wav,classical,0.20408163265306126,115.38461538461539,60.13,0,0
classical.00021.wav,classical,0.34285714285714286,133.33333333333334,269.96,0,1
classical.00035.wav,classical,0.3829787234042553,150.0,150.88,1,1
classical.00023.wav,classical,0.3835616438356165,181.8181818181818,92.66,0,1
classical.00037.wav,classical,0.24096385542168677,130.43478260869566,129.4,1,1
classical.00036.wav,classical,0.24137931034482757,181.8181818181818,52.2,0,0
classical.00022.wav,classical,0.46874999999999994,109.0909090909091,102.29,0,0
classical.00007.wav,classical,0.29729729729729726,142.85714285714286,106.69,0,0
classical.00013.wav,classical,0.5897435897435898,125.0,125.9,1,1
classical.00012.wav,classical,0.6842105263157895,181.8181818181818,89.4,0,1
classical.00006.wav,classical,0.5925925925925926,193.5483870967742,95.21,0,1
classical.00038.wav,classical,0.5573770491803278,142.85714285714286,73.55,0,0
classical.00010.wav,classical,0.7727272727272727,206.89655172413794,103.44,0,1
classical.00004.wav,classical,0.49019607843137264,162.16216216216216,161.72,1,1
classical.00005.wav,classical,0.5454545454545454,139.53488372093022,140.21,1,1
classical.00011.wav,classical,0.9375,150.0,75.67,0,1
classical.00039.wav,classical,0.16393442622950818,230.76923076923077,65.67,0,0
classical.00015.wav,classical,0.7575757575757576,157.89473684210526,78.38,0,1
classical.00001.wav,classical,0.042105263157894736,230.76923076923077,113.3,0,1
classical.00029.wav,classical,0.9655172413793104,136.36363636363637,68.88,0,1
classical.00028.wav,classical,0.0,162.16216216216216,81.48,0,1
classical.00000.wav,classical,0.9736842105263158,187.5,94.26,0,1
classical.00014.wav,classical,0.4615384615384615,146.34146341463415,145.25,1,1
classical.00002.wav,classical,0.656,200.0,197.84,1,1
classical.00016.wav,classical,0.6904761904761905,200.0,99.4,0,1
classical.00017.wav,classical,0.5137614678899082,171.42857142857142,175.06,1,1
classical.00003.wav,classical,0.6666666666666666,130.43478260869566,65.83,0,1
classical.00058.wav,classical,0.6785714285714286,136.36363636363637,66.95,0,1
classical.00064.wav,classical,0.35294117647058826,62.5,92.12,0,0
classical.00070.wav,classical,0.4848484848484849,162.16216216216216,159.76,1,1
classical.00071.wav,classical,0.5168539325842697,142.85714285714286,140.57,1,1
classical.00065.wav,classical,0.5428571428571428,166.66666666666666,83.17,0,1
classical.00059.wav,classical,0.6933333333333334,115.38461538461539,115.95,1,1
classical.00073.wav,classical,0.617283950617284,130.43478260869566,129.0,1,1
classical.00067.wav,classical,0.3684210526315789,150.0,124.09,0,0
classical.00098.wav,classical,0.6666666666666666,96.7741935483871,96.0,1,1
classical.00099.wav,classical,0.39999999999999997,85.71428571428571,86.85,1,1
classical.00066.wav,classical,0.5783132530120482,136.36363636363637,127.52,0,0
classical.00072.wav,classical,0.5274725274725274,240.0,117.3,0,0
classical.00076.wav,classical,0.4175824175824176,85.71428571428571,171.9,0,1
classical.00062.wav,classical,0.2461538461538462,125.0,93.02,0,0
classical.00089.wav,classical,1.0,193.5483870967742,97.66,0,1
classical.00088.wav,classical,0.6666666666666666,105.26315789473684,104.39,1,1
classical.00063.wav,classical,0.6582278481012659,193.5483870967742,93.59,0,0
classical.00077.wav,classical,0.4406779661016949,88.23529411764706,95.36,0,0
classical.00061.wav,classical,0.6458333333333334,153.84615384615384,153.49,1,1
classical.00075.wav,classical,0.3478260869565218,113.20754716981132,110.38,1,1
classical.00049.wav,classical,0.7741935483870968,153.84615384615384,75.88,0,1
classical.00048.wav,classical,0.1917808219178082,181.8181818181818,89.1,0,0
classical.00074.wav,classical,0.5346534653465347,162.16216216216216,160.78,1,1
classical.00060.wav,classical,1.0,240.0,120.51,0,1
rock.00011.wav,rock,0.5542168674698795,240.0,116.35,0,0
rock.00005.wav,rock,0.15384615384615383,100.0,100.84,1,1
rock.00039.wav,rock,0.6444444444444445,142.85714285714286,144.44,1,1
rock.00038.wav,rock,1.0,133.33333333333334,66.35,0,1
rock.00004.wav,rock,0.9696969696969697,157.89473684210526,77.9,0,1
rock.00010.wav,rock,0.9428571428571428,166.66666666666666,82.53,0,1
rock.00006.wav,rock,0.9583333333333334,113.20754716981132,57.05,0,1
rock.00012.wav,rock,0.676056338028169,113.20754716981132,113.14,1,1
rock.00013.wav,rock,0.24390243902439024,230.76923076923077,91.51,0,0
rock.00007.wav,rock,0.6785714285714285,89.55223880597015,89.43,1,1
rock.00003.wav,rock,0.8000000000000002,187.5,94.56,0,1
rock.00017.wav,rock,1.0,240.0,121.47,0,1
rock.00016.wav,rock,0.5054945054945054,146.34146341463415,146.49,1,1
rock.00002.wav,rock,0.8636363636363636,214.28571428571428,105.44,0,1
rock.00028.wav,rock,0.6588235294117647,139.53488372093022,137.74,1,1
rock.00014.wav,rock,0.4,153.84615384615384,117.24,0,0
rock.00000.wav,rock,0.3370786516853933,181.8181818181818,121.93,0,0
rock.00001.wav,rock,0.967741935483871,150.0,75.31,0,1
rock.00015.wav,rock,0.3116883116883117,240.0,105.17,0,0
rock.00029.wav,rock,0.6582278481012659,125.0,126.28,1,1
rock.00099.wav,rock,0.4489795918367347,230.76923076923077,123.15,0,0
rock.00072.wav,rock,0.988235294117647,206.89655172413794,103.68,0,1
rock.00066.wav,rock,1.0,150.0,76.08,0,1
rock.00067.wav,rock,1.0,206.89655172413794,105.39,0,1
rock.00073.wav,rock,0.6779661016949152,93.75,94.15,1,1
rock.00098.wav,rock,0.15053763440860216,222.22222222222223,110.59,0,1
rock.00065.wav,rock,1.0,125.0,62.05,0,1
rock.00071.wav,rock,0.6666666666666666,113.20754716981132,112.13,1,1
rock.00059.wav,rock,1.0,230.76923076923077,116.28,0,1
rock.00058.wav,rock,0.5833333333333334,115.38461538461539,115.44,1,1
rock.00070.wav,rock,0.6476190476190476,171.42857142857142,169.08,1,1
rock.00064.wav,rock,0.6526315789473683,153.84615384615384,152.49,1,1
rock.00048.wav,rock,0.6585365853658536,130.43478260869566,130.93,1,1
rock.00060.wav,rock,0.3603603603603604,176.47058823529412,176.6,1,1
rock.00074.wav,rock,0.676056338028169,111.11111111111111,112.05,1,1
rock.00075.wav,rock,0.6666666666666666,120.0,119.86,1,1
rock.00061.wav,rock,0.6753246753246753,122.44897959183673,122.23,1,1
rock.00049.wav,rock,1.0,166.66666666666666,83.76,0,1
rock.00088.wav,rock,1.0,181.8181818181818,91.84,0,1
rock.00077.wav,rock,0.6567164179104478,107.14285714285714,108.48,1,1
rock.00063.wav,rock,0.6666666666666666,125.0,125.96,1,1
rock.00062.wav,rock,0.4,61.855670103092784,124.08,0,1
rock.00076.wav,rock,0.6666666666666666,96.7741935483871,95.95,1,1
rock.00089.wav,rock,0.6567164179104478,109.0909090909091,109.29,1,1
rock.00090.wav,rock,0.99009900990099,240.0,121.77,0,1
rock.00084.wav,rock,0.6666666666666666,130.43478260869566,129.03,1,1
rock.00053.wav,rock,0.7499999999999999,120.0,119.74,1,1
rock.00047.wav,rock,0.5376344086021505,222.22222222222223,110.04,0,1
rock.00046.wav,rock,0.8333333333333333,200.0,101.44,0,1
rock.00052.wav,rock,0.6666666666666666,96.7741935483871,97.03,1,1
rock.00085.wav,rock,0.6774193548387097,96.7741935483871,97.48,1,1
rock.00091.wav,rock,0.6666666666666666,142.85714285714286,142.88,1,1
rock.00087.wav,rock,0.6585365853658536,130.43478260869566,131.57,1,1
rock.00093.wav,rock,0.65625,103.44827586206897,103.66,1,1
rock.00044.wav,rock,0.9315068493150684,187.5,93.61,0,1
rock.00050.wav,rock,0.6666666666666666,125.0,124.51,1,1
rock.00078.wav,rock,1.0,193.5483870967742,98.01,0,1
rock.00079.wav,rock,0.6666666666666666,125.0,125.14,1,1
rock.00051.wav,rock,1.0,176.47058823529412,88.12,0,1
rock.00045.wav,rock,1.0,150.0,75.69,0,1
rock.00092.wav,rock,0.6265060240963856,130.43478260869566,131.08,1,1
rock.00086.wav,rock,0.6746987951807228,130.43478260869566,131.55,1,1
rock.00082.wav,rock,1.0,193.5483870967742,98.09,0,1
rock.00096.wav,rock,0.08888888888888888,230.76923076923077,117.16,0,1
rock.00069.wav,rock,0.5769230769230769,171.42857142857142,169.39,1,1
rock.00041.wav,rock,0.6756756756756758,117.6470588235294,117.5,1,1
rock.00055.wav,rock,0.6585365853658536,130.43478260869566,130.76,1,1
rock.00054.wav,rock,0.2580645161290323,230.76923076923077,109.01,0,0
rock.00040.wav,rock,0.2926829268292683,206.89655172413794,96.4,0,0
rock.00068.wav,rock,0.6666666666666666,125.0,125.32,1,1
rock.00097.wav,rock,0.6749999999999999,127.65957446808511,128.27,1,1
rock.00083.wav,rock,0.99009900990099,240.0,121.7,0,1
rock.00095.wav,rock,0.5411764705882354,206.89655172413794,102.55,0,1
rock.00081.wav,rock,0.6666666666666666,117.6470588235294,118.6,1,1
rock.00056.wav,rock,0.6588235294117647,139.53488372093022,138.07,1,1
rock.00042.wav,rock,0.8955223880597014,162.16216216216216,80.63,0,1
rock.00043.wav,rock,0.6727272727272727,176.47058823529412,175.83,1,1
rock.00057.wav,rock,0.9803921568627451,250.0,125.07,0,1
rock.00080.wav,rock,0.5714285714285714,117.6470588235294,118.08,1,1
rock.00094.wav,rock,1.0,222.22222222222223,111.49,0,1
rock.00030.wav,rock,0.16666666666666666,230.76923076923077,115.75,0,1
rock.00024.wav,rock,0.5869565217391305,146.34146341463415,147.07,1,1
rock.00018.wav,rock,0.8863636363636364,230.76923076923077,117.71,0,1
rock.00019.wav,rock,0.717948717948718,120.0,119.95,1,1
rock.00025.wav,rock,0.7126436781609196,206.89655172413794,103.65,0,1
rock.00031.wav,rock,0.6575342465753424,117.6470588235294,120.46,1,1
rock.00027.wav,rock,0.6736842105263158,150.0,149.74,1,1
rock.00033.wav,rock,1.0,230.76923076923077,117.09,0,1
rock.00032.wav,rock,0.6551724137931034,90.9090909090909,92.97,1,1
rock.00026.wav,rock,0.676056338028169,113.20754716981132,112.6,1,1
rock.00022.wav,rock,0.38399999999999995,200.0,199.17,1,1
rock.00036.wav,rock,1.0,136.36363636363637,67.36,0,1
rock.00037.wav,rock,0.65,127.65957446808511,128.11,1,1
rock.00023.wav,rock,0.967741935483871,150.0,74.8,0,1
rock.00009.wav,rock,1.0,150.0,74.98,0,1
rock.00035.wav,rock,0.6585365853658536,130.43478260869566,131.02,1,1
rock.00021.wav,rock,0.5210084033613446,193.5483870967742,189.53,1,1
rock.00020.wav,rock,0.7654320987654322,200.0,99.18,0,1
rock.00034.wav,rock,1.0,136.36363636363637,68.78,0,1
rock.00008.wav,rock,0.5333333333333333,176.47058823529412,89.06,0,1
hiphop.00022.wav,hiphop,0.9761904761904762,200.0,101.01,0,1
hiphop.00036.wav,hiphop,0.7878787878787878,230.76923076923077,116.26,0,1
hiphop.00037.wav,hiphop,1.0,142.85714285714286,71.96,0,1
hiphop.00023.wav,hiphop,0.9620253164556962,187.5,95.91,0,0
hiphop.00009.wav,hiphop,0.6136363636363636,206.89655172413794,103.56,0,1
hiphop.00035.wav,hiphop,1.0,166.66666666666666,83.95,0,1
hiphop.00021.wav,hiphop,0.6666666666666666,101.69491525423729,100.97,1,1
hiphop.00020.wav,hiphop,0.9896907216494846,230.76923076923077,117.32,0,1
hiphop.00034.wav,hiphop,0.8292682926829268,200.0,98.74,0,1
hiphop.00008.wav,hiphop,0.9444444444444444,166.66666666666666,84.54,0,1
hiphop.00030.wav,hiphop,0.2777777777777778,157.89473684210526,179.12,0,0
hiphop.00024.wav,hiphop,0.9523809523809523,206.89655172413794,101.74,0,1
hiphop.00018.wav,hiphop,0.2820512820512821,162.16216216216216,104.93,0,0
hiphop.00019.wav,hiphop,0.6666666666666666,100.0,100.76,1,1
hiphop.00025.wav,hiphop,0.6666666666666666,105.26315789473684,105.79,1,1
hiphop.00031.wav,hiphop,1.0,200.0,99.92,0,1
hiphop.00027.wav,hiphop,0.8125000000000001,90.9090909090909,90.87,1,1
hiphop.00033.wav,hiphop,0.6557377049180327,96.7741935483871,97.04,1,1
hiphop.00032.wav,hiphop,0.674698795180723,200.0,100.51,0,1
hiphop.00026.wav,hiphop,0.5599999999999999,101.69491525423729,102.38,1,1
hiphop.00069.wav,hiphop,0.2597402597402597,206.89655172413794,102.28,0,1
hiphop.00041.wav,hiphop,0.9610389610389611,181.8181818181818,92.05,0,1
hiphop.00055.wav,hiphop,1.0,162.16216216216216,82.02,0,1
hiphop.00082.wav,hiphop,0.6666666666666666,105.26315789473684,105.39,1,1
hiphop.00096.wav,hiphop,0.9655172413793104,214.28571428571428,108.61,0,1
hiphop.00097.wav,hiphop,0.2553191489361702,230.76923076923077,113.36,0,1
hiphop.00083.wav,hiphop,1.0,206.89655172413794,103.58,0,1
hiphop.00054.wav,hiphop,0.6666666666666666,113.20754716981132,112.26,1,1
hiphop.00040.wav,hiphop,0.9275362318840579,162.16216216216216,79.66,0,1
hiphop.00068.wav,hiphop,0.6666666666666666,96.7741935483871,96.81,1,1
hiphop.00056.wav,hiphop,0.6666666666666666,101.69491525423729,100.86,1,1
hiphop.00042.wav,hiphop,1.0,181.8181818181818,91.1,0,1
hiphop.00095.wav,hiphop,0.6666666666666666,111.11111111111111,111.24,1,1
hiphop.00081.wav,hiphop,0.41509433962264153,50.847457627118644,102.01,0,1
hiphop.00080.wav,hiphop,0.3037974683544304,193.5483870967742,96.71,0,1
hiphop.00094.wav,hiphop,1.0,150.0,74.24,0,1
hiphop.00043.wav,hiphop,1.0,181.8181818181818,89.96,0,1
hiphop.00057.wav,hiphop,0.6571428571428571,111.11111111111111,111.22,1,1
hiphop.00053.wav,hiphop,0.676470588235294,109.0909090909091,108.12,1,1
hiphop.00047.wav,hiphop,0.6557377049180327,96.7741935483871,97.58,1,1
hiphop.00090.wav,hiphop,0.5789473684210527,115.38461538461539,115.17,1,1
hiphop.00084.wav,hiphop,0.06349206349206349,142.85714285714286,113.52,0,0
hiphop.00085.wav,hiphop,0.0,111.11111111111111,110.54,1,1
hiphop.00091.wav,hiphop,0.6046511627906976,206.89655172413794,101.48,0,1
hiphop.00046.wav,hiphop,0.6557377049180327,96.7741935483871,96.83,1,1
hiphop.00052.wav,hiphop,0.6666666666666666,105.26315789473684,104.96,1,1
hiphop.00044.wav,hiphop,0.96,230.76923076923077,118.29,0,0
hiphop.00050.wav,hiphop,0.9156626506024096,193.5483870967742,99.86,0,0
hiphop.00078.wav,hiphop,0.6774193548387097,98.36065573770492,97.82,1,1
hiphop.00087.wav,hiphop,0.676923076923077,101.69491525423729,101.32,1,1
hiphop.00093.wav,hiphop,0.6530612244897959,240.0,117.62,0,0
hiphop.00092.wav,hiphop,0.42553191489361697,230.76923076923077,114.29,0,1
hiphop.00086.wav,hiphop,0.6774193548387097,98.36065573770492,98.78,1,1
hiphop.00079.wav,hiphop,1.0,206.89655172413794,104.55,0,1
hiphop.00051.wav,hiphop,0.6363636363636365,105.26315789473684,104.77,1,1
hiphop.00045.wav,hiphop,0.6984126984126985,95.23809523809524,95.05,1,1
hiphop.00048.wav,hiphop,0.6774193548387097,96.7741935483871,96.81,1,1
hiphop.00060.wav,hiphop,0.9473684210526315,181.8181818181818,90.51,0,1
hiphop.00074.wav,hiphop,0.6774193548387097,100.0,99.09,1,1
hiphop.00075.wav,hiphop,0.6666666666666666,92.3076923076923,91.91,1,1
hiphop.00061.wav,hiphop,1.0,187.5,93.02,0,1
hiphop.00049.wav,hiphop,0.11904761904761904,206.89655172413794,101.94,0,1
hiphop.00077.wav,hiphop,0.7608695652173914,230.76923076923077,116.45,0,1
hiphop.00063.wav,hiphop,0.6779661016949152,93.75,93.98,1,1
hiphop.00088.wav,hiphop,0.8433734939759037,115.38461538461539,115.96,1,1
hiphop.00089.wav,hiphop,0.45569620253164556,250.0,126.25,0,1
hiphop.00062.wav,hiphop,1.0,181.8181818181818,92.02,0,1
hiphop.00076.wav,hiphop,0.6774193548387097,98.36065573770492,97.82,1,1
hiphop.00072.wav,hiphop,1.0,193.5483870967742,98.14,0,1
hiphop.00066.wav,hiphop,0.9736842105263158,181.8181818181818,91.96,0,1
hiphop.00099.wav,hiphop,0.6470588235294117,107.14285714285714,108.02,1,1
hiphop.00098.wav,hiphop,0.7619047619047619,214.28571428571428,106.09,0,1
hiphop.00067.wav,hiphop,0.6774193548387097,96.7741935483871,97.13,1,1
hiphop.00073.wav,hiphop,0.6779661016949152,92.3076923076923,92.52,1,1
hiphop.00065.wav,hiphop,0.6666666666666666,96.7741935483871,96.24,1,1
hiphop.00071.wav,hiphop,0.6440677966101694,95.23809523809524,95.37,1,1
hiphop.00059.wav,hiphop,1.0,181.8181818181818,92.04,0,1
hiphop.00058.wav,hiphop,0.9866666666666666,181.8181818181818,91.42,0,1
hiphop.00070.wav,hiphop,0.6666666666666666,96.7741935483871,96.28,1,1
hiphop.00064.wav,hiphop,0.9393939393939393,171.42857142857142,86.22,0,1
hiphop.00003.wav,hiphop,0.9743589743589743,187.5,94.7,0,1
hiphop.00017.wav,hiphop,0.9876543209876543,193.5483870967742,97.73,0,1
hiphop.00016.wav,hiphop,0.6666666666666666,101.69491525423729,100.95,1,1
hiphop.00002.wav,hiphop,0.6774193548387097,100.0,99.33,1,1
hiphop.00028.wav,hiphop,0.868421052631579,176.47058823529412,89.35,0,1
hiphop.00014.wav,hiphop,0.6666666666666666,133.33333333333334,133.64,1,1
hiphop.00000.wav,hiphop,0.7,240.0,119.18,0,1
hiphop.00001.wav,hiphop,0.9870129870129869,181.8181818181818,91.91,0,1
hiphop.00015.wav,hiphop,0.43902439024390244,200.0,98.93,0,1
hiphop.00029.wav,hiphop,0.028985507246376812,139.53488372093022,93.06,0,0
hiphop.00011.wav,hiphop,0.6129032258064516,100.0,100.02,1,1
hiphop.00005.wav,hiphop,0.6292134831460675,142.85714285714286,142.39,1,1
hiphop.00039.wav,hiphop,0.6984126984126985,95.23809523809524,95.05,1,1
hiphop.00038.wav,hiphop,1.0,181.8181818181818,91.55,0,1
hiphop.00004.wav,hiphop,1.0,193.5483870967742,96.55,0,1
hiphop.00010.wav,hiphop,0.5853658536585366,193.5483870967742,97.07,0,1
hiphop.00006.wav,hiphop,0.9879518072289156,200.0,99.93,0,1
hiphop.00012.wav,hiphop,0.9879518072289156,193.5483870967742,99.53,0,0
hiphop.00013.wav,hiphop,0.9761904761904762,206.89655172413794,101.92,0,1
hiphop.00007.wav,hiphop,0.64,120.0,120.43,1,1
country.00088.wav,country,0.6666666666666666,105.26315789473684,105.41,1,1
country.00063.wav,country,0.6415094339622641,84.50704225352112,86.07,1,1
country.00077.wav,country,0.4,90.9090909090909,182.04,0,1
country.00076.wav,country,0.6666666666666666,146.34146341463415,145.44,1,1
country.00062.wav,country,0.6605504587155963,176.47058823529412,176.21,1,1
country.00089.wav,country,0.6666666666666666,73.17073170731707,73.22,1,1
country.00048.wav,country,0.6575342465753424,117.6470588235294,118.27,1,1
country.00074.wav,country,0.75,136.36363636363637,67.68,0,1
country.00060.wav,country,0.983050847457627,139.53488372093022,70.01,0,1
country.00061.wav,country,1.0,120.0,60.67,0,1
country.00075.wav,country,0.975,193.5483870967742,96.1,0,1
country.00049.wav,country,0.6666666666666666,113.20754716981132,114.13,1,1
country.00071.wav,country,0.9836065573770492,142.85714285714286,72.3,0,1
country.00065.wav,country,0.64,120.0,119.67,1,1
country.00059.wav,country,0.8163265306122449,136.36363636363637,68.41,0,1
country.00058.wav,country,0.676056338028169,113.20754716981132,113.47,1,1
country.00064.wav,country,1.0,133.33333333333334,66.21,0,1
country.00070.wav,country,0.4,111.11111111111111,221.75,0,1
country.00099.wav,country,0.6444444444444445,146.34146341463415,146.88,1,1
country.00066.wav,country,0.40350877192982454,109.0909090909091,220.71,0,1
country.00072.wav,country,0.6666666666666666,150.0,149.55,1,1
country.00073.wav,country,0.6736842105263158,150.0,151.21,1,1
country.00067.wav,country,0.6086956521739131,127.65957446808511,64.04,0,1
country.00098.wav,country,0.6666666666666666,120.0,119.15,1,1
country.00028.wav,country,0.6666666666666666,89.55223880597015,89.28,1,1
country.00000.wav,country,0.6415094339622641,84.50704225352112,85.53,1,1
country.00014.wav,country,0.6511627906976745,136.36363636363637,137.48,1,1
country.00015.wav,country,0.5806451612903226,150.0,148.01,1,1
country.00001.wav,country,0.6666666666666666,130.43478260869566,128.9,1,1
country.00029.wav,country,0.7631578947368421,181.8181818181818,91.1,0,1
country.00017.wav,country,0.6727272727272727,176.47058823529412,175.45,1,1
country.00003.wav,country,0.9850746268656716,162.16216216216216,80.03,0,1
country.00002.wav,country,0.6601941747572816,162.16216216216216,163.9,1,1
country.00016.wav,country,0.6716417910447761,214.28571428571428,213.03,1,1
country.00012.wav,country,0.5504587155963302,176.47058823529412,175.67,1,1
country.00006.wav,country,0.6571428571428571,111.11111111111111,111.66,1,1
country.00007.wav,country,0.9523809523809523,101.69491525423729,50.7,0,1
country.00013.wav,country,0.6582278481012659,127.65957446808511,127.05,1,1
country.00005.wav,country,0.6746987951807228,130.43478260869566,130.33,1,1
country.00011.wav,country,0.6666666666666666,113.20754716981132,113.68,1,1
country.00039.wav,country,0.48275862068965514,181.8181818181818,183.63,1,1
country.00038.wav,country,0.6666666666666666,153.84615384615384,155.5,1,1
country.00010.wav,country,0.7692307692307693,162.16216216216216,79.91,0,1
country.00004.wav,country,0.6575342465753424,117.6470588235294,117.51,1,1
country.00009.wav,country,1.0,193.5483870967742,96.64,0,1
country.00021.wav,country,0.6666666666666666,109.0909090909091,108.72,1,1
country.00035.wav,country,0.6559999999999999,200.0,199.34,1,1
country.00034.wav,country,0.3943661971830986,136.36363636363637,273.39,0,1
country.00020.wav,country,0.676923076923077,103.44827586206897,103.47,1,1
country.00008.wav,country,1.0,133.33333333333334,66.3,0,1
country.00036.wav,country,0.676056338028169,113.20754716981132,113.31,1,1
country.00022.wav,country,0.9803921568627451,122.44897959183673,61.99,0,1
country.00023.wav,country,0.6666666666666666,82.1917808219178,82.34,1,1
country.00037.wav,country,1.0,193.5483870967742,97.8,0,1
country.00033.wav,country,1.0,181.8181818181818,90.83,0,1
country.00027.wav,country,0.6551724137931034,93.75,93.06,1,1
country.00026.wav,country,1.0,214.28571428571428,107.85,0,1
country.00032.wav,country,0.6557377049180327,98.36065573770492,97.87,1,1
country.00024.wav,country,0.6749999999999999,127.65957446808511,128.11,1,1
country.00030.wav,country,0.6799999999999999,78.94736842105263,80.02,1,1
country.00018.wav,country,0.6666666666666666,171.42857142857142,172.06,1,1
country.00019.wav,country,0.6666666666666666,85.71428571428571,85.59,1,1
country.00031.wav,country,0.6666666666666666,111.11111111111111,110.57,1,1
country.00025.wav,country,0.9333333333333333,142.85714285714286,71.82,0,1
country.00081.wav,country,0.6548672566371682,181.8181818181818,180.26,1,1
country.00095.wav,country,0.6666666666666666,89.55223880597015,90.05,1,1
country.00042.wav,country,0.3925233644859813,101.69491525423729,205.23,0,1
country.00056.wav,country,0.9855072463768115,162.16216216216216,81.84,0,1
country.00057.wav,country,1.0,136.36363636363637,68.08,0,1
country.00043.wav,country,0.6666666666666666,139.53488372093022,138.24,1,1
country.00094.wav,country,0.6666666666666666,113.20754716981132,114.02,1,1
country.00080.wav,country,0.6666666666666666,193.5483870967742,195.29,1,1
country.00096.wav,country,0.6666666666666666,115.38461538461539,115.28,1,1
country.00082.wav,country,0.39669421487603307,117.6470588235294,233.85,0,1
country.00069.wav,country,0.5079365079365079,75.9493670886076,113.33,0,0
country.00055.wav,country,0.6746987951807228,133.33333333333334,131.94,1,1
country.00041.wav,country,0.6746987951807228,130.43478260869566,130.82,1,1
country.00040.wav,country,0.6741573033707865,139.53488372093022,140.14,1,1
country.00054.wav,country,0.6808510638297872,75.9493670886076,75.53,1,1
country.00068.wav,country,1.0,166.66666666666666,83.44,0,1
country.00083.wav,country,0.6666666666666666,73.17073170731707,73.01,1,1
country.00097.wav,country,0.8,230.76923076923077,37.72,0,0
country.00093.wav,country,0.9142857142857143,171.42857142857142,86.22,0,1
country.00087.wav,country,0.8235294117647058,146.34146341463415,72.36,0,1
country.00050.wav,country,0.6666666666666666,117.6470588235294,118.13,1,1
country.00044.wav,country,0.653061224489796,78.94736842105263,79.21,1,1
country.00078.wav,country,0.6363636363636364,68.18181818181819,68.39,1,1
country.00079.wav,country,0.9855072463768115,162.16216216216216,82.39,0,1
country.00045.wav,country,0.9846153846153847,157.89473684210526,78.9,0,1
country.00051.wav,country,1.0,130.43478260869566,65.05,0,1
country.00086.wav,country,0.40650406504065045,117.6470588235294,236.95,0,1
country.00092.wav,country,0.6666666666666666,166.66666666666666,164.55,1,1
country.00084.wav,country,0.6666666666666666,171.42857142857142,173.39,1,1
country.00090.wav,country,0.6744186046511628,136.36363636363637,134.89,1,1
country.00047.wav,country,0.6666666666666666,150.0,149.81,1,1
country.00053.wav,country,0.6725663716814159,181.8181818181818,180.81,1,1
country.00052.wav,country,1.0,142.85714285714286,71.14,0,1
country.00046.wav,country,0.653061224489796,157.89473684210526,157.29,1,1
country.00091.wav,country,0.4,115.38461538461539,38.44,0,1
country.00085.wav,country,0.6666666666666666,73.17073170731707,72.96,1,1
jazz.00016.wav,jazz,0.8813559322033899,142.85714285714286,72.62,0,1
jazz.00002.wav,jazz,0.4516129032258065,98.36065573770492,97.22,1,1
jazz.00003.wav,jazz,0.18421052631578946,230.76923076923077,70.16,0,0
jazz.00017.wav,jazz,0.4122137404580153,200.0,212.81,0,0
jazz.00001.wav,jazz,0.5862068965517241,139.53488372093022,68.63,0,1
jazz.00015.wav,jazz,0.20833333333333334,240.0,115.76,0,0
jazz.00029.wav,jazz,0.32394366197183094,230.76923076923077,224.03,1,1
jazz.00028.wav,jazz,0.56,200.0,201.3,1,1
jazz.00014.wav,jazz,0.2857142857142857,240.0,62.19,0,0
jazz.00000.wav,jazz,0.594059405940594,240.0,163.39,0,0
jazz.00038.wav,jazz,0.5111111111111112,150.0,148.88,1,1
jazz.00004.wav,jazz,0.8461538461538461,125.0,62.57,0,1
jazz.00010.wav,jazz,0.5957446808510638,113.20754716981132,55.03,0,0
jazz.00011.wav,jazz,0.5238095238095237,200.0,202.41,1,1
jazz.00005.wav,jazz,0.06741573033707866,214.28571428571428,108.75,0,1
jazz.00039.wav,jazz,0.6666666666666666,200.0,197.81,1,1
jazz.00013.wav,jazz,0.34782608695652173,150.0,148.19,1,1
jazz.00007.wav,jazz,0.8627450980392156,122.44897959183673,62.08,0,1
jazz.00006.wav,jazz,0.6585365853658536,133.33333333333334,133.03,1,1
jazz.00012.wav,jazz,0.2978723404255319,230.76923076923077,112.6,0,0
jazz.00075.wav,jazz,0.33587786259541985,214.28571428571428,209.34,1,1
jazz.00061.wav,jazz,0.375,176.47058823529412,178.66,1,1
jazz.00049.wav,jazz,0.22641509433962265,153.84615384615384,44.08,0,0
jazz.00048.wav,jazz,0.5925925925925926,130.43478260869566,130.04,1,1
jazz.00060.wav,jazz,1.0,193.5483870967742,97.14,0,1
jazz.00074.wav,jazz,0.8823529411764706,166.66666666666666,82.79,0,1
jazz.00062.wav,jazz,0.5494505494505495,150.0,148.88,1,1
jazz.00076.wav,jazz,0.8399999999999999,125.0,62.23,0,1
jazz.00089.wav,jazz,0.8372093023255814,111.11111111111111,55.46,0,1
jazz.00088.wav,jazz,0.6666666666666666,130.43478260869566,128.71,1,1
jazz.00077.wav,jazz,0.33628318584070793,171.42857142857142,185.07,0,0
jazz.00063.wav,jazz,0.48684210526315785,240.0,242.08,1,1
jazz.00067.wav,jazz,0.782608695652174,100.0,100.45,1,1
jazz.00073.wav,jazz,0.4413793103448275,230.76923076923077,229.71,1,1
jazz.00098.wav,jazz,0.2549019607843137,162.16216216216216,162.12,1,1
jazz.00099.wav,jazz,0.046511627906976744,136.36363636363637,136.35,1,1
jazz.00072.wav,jazz,0.32592592592592595,214.28571428571428,215.01,1,1
jazz.00066.wav,jazz,0.6607142857142857,176.47058823529412,178.43,1,1
jazz.00058.wav,jazz,0.31683168316831684,240.0,125.4,0,0
jazz.00070.wav,jazz,0.9772727272727273,206.89655172413794,104.08,0,1
jazz.00064.wav,jazz,0.2698412698412699,206.89655172413794,203.69,1,1
jazz.00065.wav,jazz,0.6666666666666666,200.0,197.81,1,1
jazz.00071.wav,jazz,0.9180327868852459,150.0,74.22,0,1
jazz.00059.wav,jazz,0.676470588235294,105.26315789473684,106.61,1,1
jazz.00054.wav,jazz,0.23809523809523808,193.5483870967742,107.8,0,0
jazz.00040.wav,jazz,0.925,200.0,100.46,0,1
jazz.00068.wav,jazz,1.0,146.34146341463415,73.51,0,1
jazz.00097.wav,jazz,0.7727272727272727,105.26315789473684,51.98,0,1
jazz.00083.wav,jazz,0.35820895522388063,107.14285714285714,107.84,1,1
jazz.00082.wav,jazz,0.0,98.36065573770492,197.21,0,1
jazz.00096.wav,jazz,0.12048192771084339,133.33333333333334,134.03,1,1
jazz.00069.wav,jazz,0.4375,153.84615384615384,153.06,1,1
jazz.00041.wav,jazz,0.6722689075630253,187.5,188.27,1,1
jazz.00055.wav,jazz,0.896551724137931,139.53488372093022,70.45,0,1
jazz.00043.wav,jazz,0.4375,153.84615384615384,153.06,1,1
jazz.00057.wav,jazz,0.7096774193548387,95.23809523809524,94.94,1,1
jazz.00080.wav,jazz,0.3589743589743589,150.0,200.59,0,0
jazz.00094.wav,jazz,0.5866666666666667,120.0,120.49,1,1
jazz.00095.wav,jazz,0.3505154639175258,230.76923076923077,119.63,0,0
jazz.00081.wav,jazz,0.6666666666666666,115.38461538461539,114.91,1,1
jazz.00056.wav,jazz,0.2380952380952381,157.89473684210526,124.54,0,0
jazz.00042.wav,jazz,1.0,146.34146341463415,73.44,0,1
jazz.00046.wav,jazz,0.32592592592592595,214.28571428571428,215.01,1,1
jazz.00052.wav,jazz,0.6567164179104478,107.14285714285714,107.15,1,1
jazz.00085.wav,jazz,0.36734693877551017,157.89473684210526,158.58,1,1
jazz.00091.wav,jazz,0.9166666666666666,113.20754716981132,56.4,0,1
jazz.00090.wav,jazz,0.6666666666666666,136.36363636363637,135.81,1,1
jazz.00084.wav,jazz,0.28571428571428575,122.44897959183673,123.67,1,1
jazz.00053.wav,jazz,0.6666666666666666,193.5483870967742,194.96,1,1
jazz.00047.wav,jazz,0.4461538461538461,200.0,208.4,0,0
jazz.00079.wav,jazz,0.676470588235294,107.14285714285714,108.5,1,1
jazz.00051.wav,jazz,1.0,187.5,94.7,0,1
jazz.00045.wav,jazz,0.9180327868852459,150.0,74.22,0,1
jazz.00092.wav,jazz,0.8181818181818182,107.14285714285714,53.1,0,1
jazz.00086.wav,jazz,0.08955223880597014,105.26315789473684,103.76,1,1
jazz.00087.wav,jazz,0.48192771084337355,133.33333333333334,133.09,1,1
jazz.00093.wav,jazz,0.6407766990291262,166.66666666666666,166.24,1,1
jazz.00044.wav,jazz,0.9772727272727273,206.89655172413794,104.06,0,1
jazz.00050.wav,jazz,0.5454545454545455,153.84615384615384,155.09,1,1
jazz.00078.wav,jazz,0.15686274509803924,162.16216216216216,161.4,1,1
jazz.00037.wav,jazz,1.0,193.5483870967742,97.14,0,1
jazz.00023.wav,jazz,0.6111111111111112,166.66666666666666,85.29,0,0
jazz.00022.wav,jazz,0.430379746835443,127.65957446808511,126.24,1,1
jazz.00036.wav,jazz,0.35999999999999993,240.0,124.54,0,0
jazz.00020.wav,jazz,0.06741573033707866,214.28571428571428,106.99,0,1
jazz.00034.wav,jazz,0.6666666666666666,193.5483870967742,194.96,1,1
jazz.00008.wav,jazz,0.6666666666666666,109.0909090909091,109.62,1,1
jazz.00009.wav,jazz,0.9583333333333334,113.20754716981132,56.94,0,1
jazz.00035.wav,jazz,0.896551724137931,139.53488372093022,70.45,0,1
jazz.00021.wav,jazz,0.9504950495049505,240.0,123.24,0,0
jazz.00019.wav,jazz,0.28235294117647053,230.76923076923077,91.0,0,0
jazz.00025.wav,jazz,0.31496062992125984,200.0,203.21,1,1
jazz.00031.wav,jazz,0.3411764705882353,162.16216216216216,321.64,0,1
jazz.00030.wav,jazz,0.4285714285714286,206.89655172413794,102.94,0,1
jazz.00024.wav,jazz,0.47727272727272724,214.28571428571428,107.78,0,1
jazz.00018.wav,jazz,0.0625,206.89655172413794,204.76,1,1
jazz.00032.wav,jazz,0.3209876543209876,130.43478260869566,129.9,1,1
jazz.00026.wav,jazz,0.253968253968254,120.0,98.37,0,0
jazz.00027.wav,jazz,0.17777777777777776,142.85714285714286,142.08,1,1
jazz.00033.wav,jazz,1.0,187.5,94.7,0,1
